pca_dim,lda_dim,val_bal_acc,seed,num_subjects
5,1,0.12945942265795204,0,4
5,2,0.16356403672580141,0,4
5,3,0.18619183784624962,0,4
5,4,0.15729555711173357,0,4
5,5,0.16495487083722377,0,4
5,6,0.16495487083722377,0,4
5,7,0.16495487083722377,0,4
5,8,0.16495487083722377,0,4
5,9,0.16495487083722377,0,4
5,10,0.16495487083722377,0,4
5,11,0.16495487083722377,0,4
5,12,0.16495487083722377,0,4
5,13,0.16495487083722377,0,4
5,14,0.16495487083722377,0,4
5,15,0.16495487083722377,0,4
5,16,0.16495487083722377,0,4
5,17,0.16495487083722377,0,4
5,18,0.16495487083722377,0,4
5,19,0.16495487083722377,0,4
5,20,0.16495487083722377,0,4
15,1,0.18743191721132899,0,4
15,2,0.18256399782135077,0,4
15,3,0.23729769685652038,0,4
15,4,0.19416238717709308,0,4
15,5,0.22260154061624648,0,4
15,6,0.22568471833177717,0,4
15,7,0.2314425770308123,0,4
15,8,0.2314425770308123,0,4
15,9,0.2314425770308123,0,4
15,10,0.2314425770308123,0,4
15,11,0.2314425770308123,0,4
15,12,0.2314425770308123,0,4
15,13,0.2314425770308123,0,4
15,14,0.2314425770308123,0,4
15,15,0.2314425770308123,0,4
15,16,0.2314425770308123,0,4
15,17,0.2314425770308123,0,4
15,18,0.2314425770308123,0,4
15,19,0.2314425770308123,0,4
15,20,0.2314425770308123,0,4
25,1,0.1780705337690632,0,4
25,2,0.2593613834422657,0,4
25,3,0.2378131808278867,0,4
25,4,0.23292094615624026,0,4
25,5,0.2237492219109866,0,4
25,6,0.2340248599439776,0,4
25,7,0.22892351384998444,0,4
25,8,0.22892351384998444,0,4
25,9,0.22892351384998444,0,4
25,10,0.22892351384998444,0,4
25,11,0.22892351384998444,0,4
25,12,0.22892351384998444,0,4
25,13,0.22892351384998444,0,4
25,14,0.22892351384998444,0,4
25,15,0.22892351384998444,0,4
25,16,0.22892351384998444,0,4
25,17,0.22892351384998444,0,4
25,18,0.22892351384998444,0,4
25,19,0.22892351384998444,0,4
25,20,0.22892351384998444,0,4
5,1,0.19286492374727668,1,4
5,2,0.19451252723311543,1,4
5,3,0.2525190631808279,1,4
5,4,0.28255718954248366,1,4
5,5,0.3008850762527233,1,4
5,6,0.3008850762527233,1,4
5,7,0.3008850762527233,1,4
5,8,0.3008850762527233,1,4
5,9,0.3008850762527233,1,4
5,10,0.3008850762527233,1,4
5,11,0.3008850762527233,1,4
5,12,0.3008850762527233,1,4
5,13,0.3008850762527233,1,4
5,14,0.3008850762527233,1,4
5,15,0.3008850762527233,1,4
5,16,0.3008850762527233,1,4
5,17,0.3008850762527233,1,4
5,18,0.3008850762527233,1,4
5,19,0.3008850762527233,1,4
5,20,0.3008850762527233,1,4
15,1,0.2042211328976035,1,4
15,2,0.30356753812636167,1,4
15,3,0.3020424836601307,1,4
15,4,0.3302287581699347,1,4
15,5,0.334041394335512,1,4
15,6,0.3337554466230937,1,4
15,7,0.3241693899782135,1,4
15,8,0.3241693899782135,1,4
15,9,0.3241693899782135,1,4
15,10,0.3241693899782135,1,4
15,11,0.3241693899782135,1,4
15,12,0.3241693899782135,1,4
15,13,0.3241693899782135,1,4
15,14,0.3241693899782135,1,4
15,15,0.3241693899782135,1,4
15,16,0.3241693899782135,1,4
15,17,0.3241693899782135,1,4
15,18,0.3241693899782135,1,4
15,19,0.3241693899782135,1,4
15,20,0.3241693899782135,1,4
25,1,0.21802832244008716,1,4
25,2,0.31225490196078426,1,4
25,3,0.3451252723311547,1,4
25,4,0.36689814814814814,1,4
25,5,0.34074074074074073,1,4
25,6,0.3412037037037037,1,4
25,7,0.32769607843137255,1,4
25,8,0.32769607843137255,1,4
25,9,0.32769607843137255,1,4
25,10,0.32769607843137255,1,4
25,11,0.32769607843137255,1,4
25,12,0.32769607843137255,1,4
25,13,0.32769607843137255,1,4
25,14,0.32769607843137255,1,4
25,15,0.32769607843137255,1,4
25,16,0.32769607843137255,1,4
25,17,0.32769607843137255,1,4
25,18,0.32769607843137255,1,4
25,19,0.32769607843137255,1,4
25,20,0.32769607843137255,1,4
5,1,0.1747495968084203,2,4
5,2,0.1786563110092522,2,4
5,3,0.1936889907478143,2,4
5,4,0.20839487310075547,2,4
5,5,0.21169786096256685,2,4
5,6,0.21169786096256685,2,4
5,7,0.21169786096256685,2,4
5,8,0.21169786096256685,2,4
5,9,0.21169786096256685,2,4
5,10,0.21169786096256685,2,4
5,11,0.21169786096256685,2,4
5,12,0.21169786096256685,2,4
5,13,0.21169786096256685,2,4
5,14,0.21169786096256685,2,4
5,15,0.21169786096256685,2,4
5,16,0.21169786096256685,2,4
5,17,0.21169786096256685,2,4
5,18,0.21169786096256685,2,4
5,19,0.21169786096256685,2,4
5,20,0.21169786096256685,2,4
15,1,0.20098039215686278,2,4
15,2,0.23834670231729058,2,4
15,3,0.26577540106951875,2,4
15,4,0.256905186316951,2,4
15,5,0.2720567014684661,2,4
15,6,0.2697097020626433,2,4
15,7,0.2967352092352092,2,4
15,8,0.2967352092352092,2,4
15,9,0.2967352092352092,2,4
15,10,0.2967352092352092,2,4
15,11,0.2967352092352092,2,4
15,12,0.2967352092352092,2,4
15,13,0.2967352092352092,2,4
15,14,0.2967352092352092,2,4
15,15,0.2967352092352092,2,4
15,16,0.2967352092352092,2,4
15,17,0.2967352092352092,2,4
15,18,0.2967352092352092,2,4
15,19,0.2967352092352092,2,4
15,20,0.2967352092352092,2,4
25,1,0.22549019607843138,2,4
25,2,0.2456465919701214,2,4
25,3,0.25217192937781174,2,4
25,4,0.28766445972328325,2,4
25,5,0.31527989983872334,2,4
25,6,0.3088723368135133,2,4
25,7,0.2941017316017316,2,4
25,8,0.2941017316017316,2,4
25,9,0.2941017316017316,2,4
25,10,0.2941017316017316,2,4
25,11,0.2941017316017316,2,4
25,12,0.2941017316017316,2,4
25,13,0.2941017316017316,2,4
25,14,0.2941017316017316,2,4
25,15,0.2941017316017316,2,4
25,16,0.2941017316017316,2,4
25,17,0.2941017316017316,2,4
25,18,0.2941017316017316,2,4
25,19,0.2941017316017316,2,4
25,20,0.2941017316017316,2,4
5,1,0.20577485380116958,3,4
5,2,0.2590155945419103,3,4
5,3,0.2320601851851852,3,4
5,4,0.25752314814814814,3,4
5,5,0.2602948343079922,3,4
5,6,0.2602948343079922,3,4
5,7,0.2602948343079922,3,4
5,8,0.2602948343079922,3,4
5,9,0.2602948343079922,3,4
5,10,0.2602948343079922,3,4
5,11,0.2602948343079922,3,4
5,12,0.2602948343079922,3,4
5,13,0.2602948343079922,3,4
5,14,0.2602948343079922,3,4
5,15,0.2602948343079922,3,4
5,16,0.2602948343079922,3,4
5,17,0.2602948343079922,3,4
5,18,0.2602948343079922,3,4
5,19,0.2602948343079922,3,4
5,20,0.2602948343079922,3,4
15,1,0.2236842105263158,3,4
15,2,0.3060550682261209,3,4
15,3,0.32387914230019493,3,4
15,4,0.2984831871345029,3,4
15,5,0.2906310916179337,3,4
15,6,0.3019675925925926,3,4
15,7,0.29133162768031184,3,4
15,8,0.29133162768031184,3,4
15,9,0.29133162768031184,3,4
15,10,0.29133162768031184,3,4
15,11,0.29133162768031184,3,4
15,12,0.29133162768031184,3,4
15,13,0.29133162768031184,3,4
15,14,0.29133162768031184,3,4
15,15,0.29133162768031184,3,4
15,16,0.29133162768031184,3,4
15,17,0.29133162768031184,3,4
15,18,0.29133162768031184,3,4
15,19,0.29133162768031184,3,4
15,20,0.29133162768031184,3,4
25,1,0.2634807504873294,3,4
25,2,0.3284600389863548,3,4
25,3,0.346875,3,4
25,4,0.2730506822612086,3,4
25,5,0.27202729044834306,3,4
25,6,0.27110745614035087,3,4
25,7,0.29062499999999997,3,4
25,8,0.29062499999999997,3,4
25,9,0.29062499999999997,3,4
25,10,0.29062499999999997,3,4
25,11,0.29062499999999997,3,4
25,12,0.29062499999999997,3,4
25,13,0.29062499999999997,3,4
25,14,0.29062499999999997,3,4
25,15,0.29062499999999997,3,4
25,16,0.29062499999999997,3,4
25,17,0.29062499999999997,3,4
25,18,0.29062499999999997,3,4
25,19,0.29062499999999997,3,4
25,20,0.29062499999999997,3,4
5,1,0.20248538011695905,4,4
5,2,0.27430033416875527,4,4
5,3,0.27624965190754663,4,4
5,4,0.2737468671679198,4,4
5,5,0.25439292676134784,4,4
5,6,0.25439292676134784,4,4
5,7,0.25439292676134784,4,4
5,8,0.25439292676134784,4,4
5,9,0.25439292676134784,4,4
5,10,0.25439292676134784,4,4
5,11,0.25439292676134784,4,4
5,12,0.25439292676134784,4,4
5,13,0.25439292676134784,4,4
5,14,0.25439292676134784,4,4
5,15,0.25439292676134784,4,4
5,16,0.25439292676134784,4,4
5,17,0.25439292676134784,4,4
5,18,0.25439292676134784,4,4
5,19,0.25439292676134784,4,4
5,20,0.25439292676134784,4,4
15,1,0.1784234892787524,4,4
15,2,0.29601608187134504,4,4
15,3,0.32117968532442215,4,4
15,4,0.34964146477304375,4,4
15,5,0.35309454191033135,4,4
15,6,0.32633319409635203,4,4
15,7,0.29278056251740464,4,4
15,8,0.29278056251740464,4,4
15,9,0.29278056251740464,4,4
15,10,0.29278056251740464,4,4
15,11,0.29278056251740464,4,4
15,12,0.29278056251740464,4,4
15,13,0.29278056251740464,4,4
15,14,0.29278056251740464,4,4
15,15,0.29278056251740464,4,4
15,16,0.29278056251740464,4,4
15,17,0.29278056251740464,4,4
15,18,0.29278056251740464,4,4
15,19,0.29278056251740464,4,4
15,20,0.29278056251740464,4,4
25,1,0.18778021442495127,4,4
25,2,0.30644493177387916,4,4
25,3,0.343953634085213,4,4
25,4,0.3442547340573656,4,4
25,5,0.32936507936507936,4,4
25,6,0.3418337510442773,4,4
25,7,0.3214076858813701,4,4
25,8,0.3214076858813701,4,4
25,9,0.3214076858813701,4,4
25,10,0.3214076858813701,4,4
25,11,0.3214076858813701,4,4
25,12,0.3214076858813701,4,4
25,13,0.3214076858813701,4,4
25,14,0.3214076858813701,4,4
25,15,0.3214076858813701,4,4
25,16,0.3214076858813701,4,4
25,17,0.3214076858813701,4,4
25,18,0.3214076858813701,4,4
25,19,0.3214076858813701,4,4
25,20,0.3214076858813701,4,4
5,1,0.21795092305928218,5,4
5,2,0.18489278752436647,5,4
5,3,0.218171654626763,5,4
5,4,0.23561374842334593,5,4
5,5,0.24135993578718037,5,4
5,6,0.24135993578718037,5,4
5,7,0.24135993578718037,5,4
5,8,0.24135993578718037,5,4
5,9,0.24135993578718037,5,4
5,10,0.24135993578718037,5,4
5,11,0.24135993578718037,5,4
5,12,0.24135993578718037,5,4
5,13,0.24135993578718037,5,4
5,14,0.24135993578718037,5,4
5,15,0.24135993578718037,5,4
5,16,0.24135993578718037,5,4
5,17,0.24135993578718037,5,4
5,18,0.24135993578718037,5,4
5,19,0.24135993578718037,5,4
5,20,0.24135993578718037,5,4
15,1,0.2047270955165692,5,4
15,2,0.25029454764361886,5,4
15,3,0.27513329893360855,5,4
15,4,0.2725461529641096,5,4
15,5,0.247505303290907,5,4
15,6,0.26760405916752666,5,4
15,7,0.28278652104116503,5,4
15,8,0.28278652104116503,5,4
15,9,0.28278652104116503,5,4
15,10,0.28278652104116503,5,4
15,11,0.28278652104116503,5,4
15,12,0.28278652104116503,5,4
15,13,0.28278652104116503,5,4
15,14,0.28278652104116503,5,4
15,15,0.28278652104116503,5,4
15,16,0.28278652104116503,5,4
15,17,0.28278652104116503,5,4
15,18,0.28278652104116503,5,4
15,19,0.28278652104116503,5,4
15,20,0.28278652104116503,5,4
25,1,0.2366629400298131,5,4
25,2,0.28097551886251576,5,4
25,3,0.25657178075908726,5,4
25,4,0.25329449031074414,5,4
25,5,0.2570247104689829,5,4
25,6,0.29329850361197113,5,4
25,7,0.3082616672399954,5,4
25,8,0.3082616672399954,5,4
25,9,0.3082616672399954,5,4
25,10,0.3082616672399954,5,4
25,11,0.3082616672399954,5,4
25,12,0.3082616672399954,5,4
25,13,0.3082616672399954,5,4
25,14,0.3082616672399954,5,4
25,15,0.3082616672399954,5,4
25,16,0.3082616672399954,5,4
25,17,0.3082616672399954,5,4
25,18,0.3082616672399954,5,4
25,19,0.3082616672399954,5,4
25,20,0.3082616672399954,5,4
5,1,0.199802036199095,6,4
5,2,0.18951106083459024,6,4
5,3,0.17725615887380594,6,4
5,4,0.17795060331825038,6,4
5,5,0.17768350930115637,6,4
5,6,0.17768350930115637,6,4
5,7,0.17768350930115637,6,4
5,8,0.17768350930115637,6,4
5,9,0.17768350930115637,6,4
5,10,0.17768350930115637,6,4
5,11,0.17768350930115637,6,4
5,12,0.17768350930115637,6,4
5,13,0.17768350930115637,6,4
5,14,0.17768350930115637,6,4
5,15,0.17768350930115637,6,4
5,16,0.17768350930115637,6,4
5,17,0.17768350930115637,6,4
5,18,0.17768350930115637,6,4
5,19,0.17768350930115637,6,4
5,20,0.17768350930115637,6,4
15,1,0.20790912518853696,6,4
15,2,0.20157742584213176,6,4
15,3,0.21354189111542055,6,4
15,4,0.22065287653522947,6,4
15,5,0.24993042088630324,6,4
15,6,0.24352016447604685,6,4
15,7,0.22906252244487538,6,4
15,8,0.22906252244487538,6,4
15,9,0.22906252244487538,6,4
15,10,0.22906252244487538,6,4
15,11,0.22906252244487538,6,4
15,12,0.22906252244487538,6,4
15,13,0.22906252244487538,6,4
15,14,0.22906252244487538,6,4
15,15,0.22906252244487538,6,4
15,16,0.22906252244487538,6,4
15,17,0.22906252244487538,6,4
15,18,0.22906252244487538,6,4
15,19,0.22906252244487538,6,4
15,20,0.22906252244487538,6,4
25,1,0.2085802269625799,6,4
25,2,0.21534241901888962,6,4
25,3,0.2405578898225957,6,4
25,4,0.24499075271134094,6,4
25,5,0.2705235940530058,6,4
25,6,0.27693385046326224,6,4
25,7,0.2555317639876464,6,4
25,8,0.2555317639876464,6,4
25,9,0.2555317639876464,6,4
25,10,0.2555317639876464,6,4
25,11,0.2555317639876464,6,4
25,12,0.2555317639876464,6,4
25,13,0.2555317639876464,6,4
25,14,0.2555317639876464,6,4
25,15,0.2555317639876464,6,4
25,16,0.2555317639876464,6,4
25,17,0.2555317639876464,6,4
25,18,0.2555317639876464,6,4
25,19,0.2555317639876464,6,4
25,20,0.2555317639876464,6,4
5,1,0.178322440087146,7,4
5,2,0.17717236467236466,7,4
5,3,0.197738603988604,7,4
5,4,0.189827383945031,7,4
5,5,0.1851977543154014,7,4
5,6,0.1851977543154014,7,4
5,7,0.1851977543154014,7,4
5,8,0.1851977543154014,7,4
5,9,0.1851977543154014,7,4
5,10,0.1851977543154014,7,4
5,11,0.1851977543154014,7,4
5,12,0.1851977543154014,7,4
5,13,0.1851977543154014,7,4
5,14,0.1851977543154014,7,4
5,15,0.1851977543154014,7,4
5,16,0.1851977543154014,7,4
5,17,0.1851977543154014,7,4
5,18,0.1851977543154014,7,4
5,19,0.1851977543154014,7,4
5,20,0.1851977543154014,7,4
15,1,0.1445533769063181,7,4
15,2,0.1929707139265963,7,4
15,3,0.1930105161722809,7,4
15,4,0.20888218535277359,7,4
15,5,0.2076371749165867,7,4
15,6,0.22282487392781514,7,4
15,7,0.20926278242454713,7,4
15,8,0.20926278242454713,7,4
15,9,0.20926278242454713,7,4
15,10,0.20926278242454713,7,4
15,11,0.20926278242454713,7,4
15,12,0.20926278242454713,7,4
15,13,0.20926278242454713,7,4
15,14,0.20926278242454713,7,4
15,15,0.20926278242454713,7,4
15,16,0.20926278242454713,7,4
15,17,0.20926278242454713,7,4
15,18,0.20926278242454713,7,4
15,19,0.20926278242454713,7,4
15,20,0.20926278242454713,7,4
25,1,0.15152610189374896,7,4
25,2,0.2270215351097704,7,4
25,3,0.22751801575330988,7,4
25,4,0.22451399363164068,7,4
25,5,0.20670353611530082,7,4
25,6,0.20516734082910557,7,4
25,7,0.20483530630589453,7,4
25,8,0.20483530630589453,7,4
25,9,0.20483530630589453,7,4
25,10,0.20483530630589453,7,4
25,11,0.20483530630589453,7,4
25,12,0.20483530630589453,7,4
25,13,0.20483530630589453,7,4
25,14,0.20483530630589453,7,4
25,15,0.20483530630589453,7,4
25,16,0.20483530630589453,7,4
25,17,0.20483530630589453,7,4
25,18,0.20483530630589453,7,4
25,19,0.20483530630589453,7,4
25,20,0.20483530630589453,7,4
5,1,0.15600633528265107,8,4
5,2,0.17126583820662766,8,4
5,3,0.1994700292397661,8,4
5,4,0.20745004873294345,8,4
5,5,0.21034356725146197,8,4
5,6,0.21034356725146197,8,4
5,7,0.21034356725146197,8,4
5,8,0.21034356725146197,8,4
5,9,0.21034356725146197,8,4
5,10,0.21034356725146197,8,4
5,11,0.21034356725146197,8,4
5,12,0.21034356725146197,8,4
5,13,0.21034356725146197,8,4
5,14,0.21034356725146197,8,4
5,15,0.21034356725146197,8,4
5,16,0.21034356725146197,8,4
5,17,0.21034356725146197,8,4
5,18,0.21034356725146197,8,4
5,19,0.21034356725146197,8,4
5,20,0.21034356725146197,8,4
15,1,0.19669834307992204,8,4
15,2,0.23519736842105265,8,4
15,3,0.22298644338118023,8,4
15,4,0.2280535619351409,8,4
15,5,0.23398181375155058,8,4
15,6,0.23193004607478293,8,4
15,7,0.20955442583732062,8,4
15,8,0.20955442583732062,8,4
15,9,0.20955442583732062,8,4
15,10,0.20955442583732062,8,4
15,11,0.20955442583732062,8,4
15,12,0.20955442583732062,8,4
15,13,0.20955442583732062,8,4
15,14,0.20955442583732062,8,4
15,15,0.20955442583732062,8,4
15,16,0.20955442583732062,8,4
15,17,0.20955442583732062,8,4
15,18,0.20955442583732062,8,4
15,19,0.20955442583732062,8,4
15,20,0.20955442583732062,8,4
25,1,0.18856603313840156,8,4
25,2,0.2604471247563353,8,4
25,3,0.2819311536416799,8,4
25,4,0.2441354332801701,8,4
25,5,0.2591318890660996,8,4
25,6,0.254147838029417,8,4
25,7,0.2513761518695729,8,4
25,8,0.2513761518695729,8,4
25,9,0.2513761518695729,8,4
25,10,0.2513761518695729,8,4
25,11,0.2513761518695729,8,4
25,12,0.2513761518695729,8,4
25,13,0.2513761518695729,8,4
25,14,0.2513761518695729,8,4
25,15,0.2513761518695729,8,4
25,16,0.2513761518695729,8,4
25,17,0.2513761518695729,8,4
25,18,0.2513761518695729,8,4
25,19,0.2513761518695729,8,4
25,20,0.2513761518695729,8,4
5,1,0.1698325163398693,9,4
5,2,0.1690705128205128,9,4
5,3,0.1769694255907491,9,4
5,4,0.18820701357466063,9,4
5,5,0.18500188536953244,9,4
5,6,0.18500188536953244,9,4
5,7,0.18500188536953244,9,4
5,8,0.18500188536953244,9,4
5,9,0.18500188536953244,9,4
5,10,0.18500188536953244,9,4
5,11,0.18500188536953244,9,4
5,12,0.18500188536953244,9,4
5,13,0.18500188536953244,9,4
5,14,0.18500188536953244,9,4
5,15,0.18500188536953244,9,4
5,16,0.18500188536953244,9,4
5,17,0.18500188536953244,9,4
5,18,0.18500188536953244,9,4
5,19,0.18500188536953244,9,4
5,20,0.18500188536953244,9,4
15,1,0.18137647687280042,9,4
15,2,0.1981641214177979,9,4
15,3,0.19798344017094016,9,4
15,4,0.19700147687280042,9,4
15,5,0.19605879210658625,9,4
15,6,0.1898684954751131,9,4
15,7,0.19708003393665155,9,4
15,8,0.19708003393665155,9,4
15,9,0.19708003393665155,9,4
15,10,0.19708003393665155,9,4
15,11,0.19708003393665155,9,4
15,12,0.19708003393665155,9,4
15,13,0.19708003393665155,9,4
15,14,0.19708003393665155,9,4
15,15,0.19708003393665155,9,4
15,16,0.19708003393665155,9,4
15,17,0.19708003393665155,9,4
15,18,0.19708003393665155,9,4
15,19,0.19708003393665155,9,4
15,20,0.19708003393665155,9,4
25,1,0.15122627576671696,9,4
25,2,0.15628142282554047,9,4
25,3,0.16852061337355453,9,4
25,4,0.16813961161387633,9,4
25,5,0.15293489190548012,9,4
25,6,0.16969504147812972,9,4
25,7,0.16724406108597287,9,4
25,8,0.16724406108597287,9,4
25,9,0.16724406108597287,9,4
25,10,0.16724406108597287,9,4
25,11,0.16724406108597287,9,4
25,12,0.16724406108597287,9,4
25,13,0.16724406108597287,9,4
25,14,0.16724406108597287,9,4
25,15,0.16724406108597287,9,4
25,16,0.16724406108597287,9,4
25,17,0.16724406108597287,9,4
25,18,0.16724406108597287,9,4
25,19,0.16724406108597287,9,4
25,20,0.16724406108597287,9,4
