num_subjects,seed,split_type,subject,space,Bal_Acc,F1,Kappa
10,0,trait,,autoencoder,0.735625,0.7317782340469118,0.70625
10,1,trait,,autoencoder,0.72125,0.711046649367265,0.6902777777777777
10,2,trait,,autoencoder,0.69875,0.6978837325893588,0.6652777777777779
10,3,trait,,autoencoder,0.67,0.662873995832914,0.6333333333333332
10,4,trait,,autoencoder,0.718125,0.7126743411284704,0.6868055555555554
10,5,trait,,autoencoder,0.635,0.624428397682483,0.5944444444444443
10,6,trait,,autoencoder,0.705625,0.6961290447299439,0.6729166666666668
10,7,trait,,autoencoder,0.7606249999999999,0.7582943565217544,0.7340277777777777
10,8,trait,,autoencoder,0.725625,0.7243116856200447,0.6951388888888889
10,9,trait,,autoencoder,0.7268749999999999,0.7223273496063755,0.6965277777777779
4,0,trait,,autoencoder,0.8187500000000001,0.8152133654040885,0.7583333333333333
4,1,trait,,autoencoder,0.6796875,0.6764605151713646,0.5729166666666667
4,2,trait,,autoencoder,0.8171875000000001,0.8165187273229261,0.75625
4,3,trait,,autoencoder,0.840625,0.8396208968002977,0.7875
4,4,trait,,autoencoder,0.7749999999999999,0.7706363815962289,0.7
4,5,trait,,autoencoder,0.8093750000000001,0.8097017295872466,0.7458333333333333
4,6,trait,,autoencoder,0.7421874999999999,0.74267260689469,0.65625
4,7,trait,,autoencoder,0.8234375,0.8217809333450063,0.7645833333333334
4,8,trait,,autoencoder,0.7984375,0.778257105020812,0.73125
4,9,trait,,autoencoder,0.7171875,0.7090061921130222,0.6229166666666667
8,0,trait,,autoencoder,0.725,0.7247098362419827,0.6857142857142857
8,1,trait,,autoencoder,0.6734375,0.6659587707528087,0.6267857142857143
8,2,trait,,autoencoder,0.7281249999999999,0.7282572627603896,0.6892857142857143
8,3,trait,,autoencoder,0.7171875000000001,0.7102529399767301,0.6767857142857143
8,4,trait,,autoencoder,0.6460937499999999,0.6401962978373171,0.5955357142857143
8,5,trait,,autoencoder,0.6453125,0.6343954840396682,0.5946428571428571
8,6,trait,,autoencoder,0.71796875,0.7105096438053842,0.6776785714285714
8,7,trait,,autoencoder,0.75390625,0.7533246150415083,0.71875
8,8,trait,,autoencoder,0.79296875,0.7899966589126828,0.7633928571428572
8,9,trait,,autoencoder,0.784375,0.781435337790836,0.7535714285714286
10,0,within_state,1,autoencoder,0.6187500000000001,0.6115881495871782,0.4916666666666667
10,0,within_state,10,autoencoder,0.4375,0.4394258352089677,0.25
10,0,within_state,11,autoencoder,0.68125,0.6846991552369127,0.575
10,0,within_state,12,autoencoder,0.6937500000000001,0.6993020433381879,0.5916666666666667
10,0,within_state,13,autoencoder,0.625,0.6181743106330695,0.5
10,0,within_state,2,autoencoder,0.49374999999999997,0.4952946839265875,0.32499999999999996
10,0,within_state,4,autoencoder,0.66875,0.6648927884519064,0.5583333333333333
10,0,within_state,5,autoencoder,0.83125,0.83427565674394,0.775
10,0,within_state,6,autoencoder,0.4375,0.4352945600050367,0.25
10,0,within_state,7,autoencoder,0.6687500000000001,0.6694489772292976,0.5583333333333333
10,1,within_state,1,autoencoder,0.5125,0.49765375596801986,0.35
10,1,within_state,11,autoencoder,0.6624999999999999,0.6593573410421418,0.55
10,1,within_state,12,autoencoder,0.7625,0.7672617025628061,0.6833333333333333
10,1,within_state,14,autoencoder,0.50625,0.5149856228963734,0.3416666666666667
10,1,within_state,2,autoencoder,0.50625,0.4976190476190476,0.3416666666666667
10,1,within_state,4,autoencoder,0.5874999999999999,0.5836670626394328,0.44999999999999996
10,1,within_state,5,autoencoder,0.8062500000000001,0.8106202546466116,0.7416666666666667
10,1,within_state,6,autoencoder,0.525,0.522733104220446,0.3666666666666667
10,1,within_state,7,autoencoder,0.64375,0.6465105202869718,0.525
10,1,within_state,8,autoencoder,0.375,0.36128691983122363,0.16666666666666663
10,2,within_state,1,autoencoder,0.6125,0.5975895318908822,0.4833333333333333
10,2,within_state,11,autoencoder,0.5812499999999999,0.579536565519628,0.44166666666666665
10,2,within_state,12,autoencoder,0.7875000000000001,0.7875270562770562,0.7166666666666667
10,2,within_state,13,autoencoder,0.65,0.6506089743589744,0.5333333333333333
10,2,within_state,14,autoencoder,0.56875,0.5651930808449567,0.42500000000000004
10,2,within_state,2,autoencoder,0.53125,0.531117039412234,0.375
10,2,within_state,4,autoencoder,0.5625,0.5626775621002529,0.41666666666666663
10,2,within_state,6,autoencoder,0.63125,0.6272249065866087,0.5083333333333333
10,2,within_state,7,autoencoder,0.6375,0.6384469858307067,0.5166666666666666
10,2,within_state,9,autoencoder,0.65,0.6489495393259974,0.5333333333333333
10,3,within_state,12,autoencoder,0.75625,0.7592414294945941,0.675
10,3,within_state,13,autoencoder,0.6,0.6007435778869219,0.4666666666666667
10,3,within_state,14,autoencoder,0.54375,0.5488231301550766,0.3916666666666667
10,3,within_state,3,autoencoder,0.45625,0.455353888334205,0.275
10,3,within_state,4,autoencoder,0.65625,0.653513070126145,0.5416666666666667
10,3,within_state,5,autoencoder,0.8062499999999999,0.8120486044643545,0.7416666666666667
10,3,within_state,6,autoencoder,0.48750000000000004,0.48766738402678145,0.31666666666666665
10,3,within_state,7,autoencoder,0.55,0.5588809455566335,0.4
10,3,within_state,8,autoencoder,0.33749999999999997,0.3333784896826773,0.1166666666666667
10,3,within_state,9,autoencoder,0.61875,0.6196472222841392,0.4916666666666667
10,4,within_state,1,autoencoder,0.63125,0.6203185639684496,0.5083333333333333
10,4,within_state,10,autoencoder,0.475,0.47434303350970014,0.30000000000000004
10,4,within_state,11,autoencoder,0.6187499999999999,0.6218565016834607,0.4916666666666667
10,4,within_state,13,autoencoder,0.61875,0.6147425559657916,0.4916666666666667
10,4,within_state,14,autoencoder,0.55,0.5412945962083893,0.4
10,4,within_state,3,autoencoder,0.48125,0.48296777396942503,0.30833333333333335
10,4,within_state,5,autoencoder,0.83125,0.8354641902008175,0.775
10,4,within_state,6,autoencoder,0.5125,0.5080025695697338,0.35
10,4,within_state,8,autoencoder,0.4375,0.4272858454676637,0.25
10,4,within_state,9,autoencoder,0.6625,0.664093825180433,0.55
10,5,within_state,1,autoencoder,0.49999999999999994,0.48263888888888884,0.33333333333333337
10,5,within_state,10,autoencoder,0.45625000000000004,0.45717622609993985,0.275
10,5,within_state,12,autoencoder,0.73125,0.7337551963988745,0.6416666666666666
10,5,within_state,13,autoencoder,0.65,0.6495321129859283,0.5333333333333333
10,5,within_state,2,autoencoder,0.46249999999999997,0.45211188289090887,0.2833333333333333
10,5,within_state,4,autoencoder,0.7375,0.7330933491769476,0.65
10,5,within_state,5,autoencoder,0.7749999999999999,0.77696410350454,0.7
10,5,within_state,7,autoencoder,0.68125,0.684133868329585,0.575
10,5,within_state,8,autoencoder,0.44375,0.42576025546548757,0.2583333333333333
10,5,within_state,9,autoencoder,0.6812499999999999,0.6781717835323955,0.575
10,6,within_state,1,autoencoder,0.6625,0.6459218526120125,0.55
10,6,within_state,11,autoencoder,0.59375,0.5958708746763313,0.45833333333333337
10,6,within_state,12,autoencoder,0.75,0.7504155898954606,0.6666666666666667
10,6,within_state,13,autoencoder,0.5625,0.5606556661428321,0.41666666666666663
10,6,within_state,14,autoencoder,0.49374999999999997,0.5041822509819498,0.32499999999999996
10,6,within_state,2,autoencoder,0.48124999999999996,0.48080852408885755,0.30833333333333335
10,6,within_state,4,autoencoder,0.525,0.5125206077439406,0.3666666666666667
10,6,within_state,5,autoencoder,0.79375,0.7961485890652558,0.725
10,6,within_state,6,autoencoder,0.51875,0.5173625429975259,0.3583333333333333
10,6,within_state,8,autoencoder,0.36250000000000004,0.3653120109546166,0.15000000000000002
10,7,within_state,1,autoencoder,0.5,0.48243023662305984,0.33333333333333337
10,7,within_state,11,autoencoder,0.6625,0.6683817413868347,0.55
10,7,within_state,12,autoencoder,0.7687499999999999,0.769620811287478,0.6916666666666667
10,7,within_state,13,autoencoder,0.65625,0.6531631477792675,0.5416666666666667
10,7,within_state,14,autoencoder,0.53125,0.5357522498440702,0.375
10,7,within_state,3,autoencoder,0.54375,0.5364076757917338,0.3916666666666667
10,7,within_state,4,autoencoder,0.6687500000000001,0.6597069597069597,0.5583333333333333
10,7,within_state,5,autoencoder,0.81875,0.8208771846308838,0.7583333333333333
10,7,within_state,6,autoencoder,0.50625,0.49959236526928286,0.3416666666666667
10,7,within_state,7,autoencoder,0.625,0.6297535729813882,0.5
10,8,within_state,11,autoencoder,0.65625,0.6531306316713645,0.5416666666666667
10,8,within_state,12,autoencoder,0.8187499999999999,0.8191731643924627,0.7583333333333333
10,8,within_state,13,autoencoder,0.6,0.5985069506371005,0.4666666666666667
10,8,within_state,14,autoencoder,0.51875,0.5150973578392932,0.3583333333333333
10,8,within_state,2,autoencoder,0.5687500000000001,0.5624161785926491,0.42500000000000004
10,8,within_state,3,autoencoder,0.44375000000000003,0.4451729041945706,0.2583333333333333
10,8,within_state,5,autoencoder,0.8374999999999999,0.8352947161964873,0.7833333333333333
10,8,within_state,6,autoencoder,0.53125,0.5287712891758022,0.375
10,8,within_state,7,autoencoder,0.6,0.6014280340037855,0.4666666666666667
10,8,within_state,9,autoencoder,0.6312500000000001,0.6192440409831714,0.5083333333333333
10,9,within_state,10,autoencoder,0.45625000000000004,0.4547319140547999,0.275
10,9,within_state,11,autoencoder,0.675,0.674123528290195,0.5666666666666667
10,9,within_state,12,autoencoder,0.76875,0.7713037924563291,0.6916666666666667
10,9,within_state,14,autoencoder,0.5625,0.5394990148934748,0.41666666666666663
10,9,within_state,2,autoencoder,0.5625,0.5641872435905029,0.41666666666666663
10,9,within_state,5,autoencoder,0.775,0.7773317978684467,0.7
10,9,within_state,6,autoencoder,0.5,0.499049266850295,0.33333333333333337
10,9,within_state,7,autoencoder,0.58125,0.5918697205977907,0.44166666666666665
10,9,within_state,8,autoencoder,0.43125,0.42326904008885186,0.2416666666666667
10,9,within_state,9,autoencoder,0.6625000000000001,0.6533789567589449,0.55
4,0,within_state,1,autoencoder,0.6187500000000001,0.6115881495871782,0.4916666666666667
4,0,within_state,2,autoencoder,0.49374999999999997,0.4952946839265875,0.32499999999999996
4,0,within_state,4,autoencoder,0.66875,0.6648927884519064,0.5583333333333333
4,0,within_state,5,autoencoder,0.83125,0.83427565674394,0.775
4,1,within_state,1,autoencoder,0.5125,0.49765375596801986,0.35
4,1,within_state,14,autoencoder,0.50625,0.5149856228963734,0.3416666666666667
4,1,within_state,3,autoencoder,0.475,0.4742630646925884,0.30000000000000004
4,1,within_state,8,autoencoder,0.375,0.36128691983122363,0.16666666666666663
4,2,within_state,10,autoencoder,0.48125,0.4799433134249801,0.30833333333333335
4,2,within_state,12,autoencoder,0.78125,0.7808603896103896,0.7083333333333333
4,2,within_state,3,autoencoder,0.46875,0.4663657594806102,0.29166666666666663
4,2,within_state,6,autoencoder,0.6375,0.632894552843183,0.5166666666666666
4,3,within_state,2,autoencoder,0.48125,0.4826589229343715,0.30833333333333335
4,3,within_state,3,autoencoder,0.45625,0.455353888334205,0.275
4,3,within_state,5,autoencoder,0.8062499999999999,0.8120486044643545,0.7416666666666667
4,3,within_state,6,autoencoder,0.5,0.4988630312013397,0.33333333333333337
4,4,within_state,10,autoencoder,0.475,0.47373843566021867,0.30000000000000004
4,4,within_state,11,autoencoder,0.64375,0.6502741588308598,0.525
4,4,within_state,14,autoencoder,0.5437500000000001,0.5359921589592801,0.3916666666666667
4,4,within_state,6,autoencoder,0.51875,0.5190571955277837,0.3583333333333333
4,5,within_state,10,autoencoder,0.45,0.45295069208112687,0.2666666666666667
4,5,within_state,3,autoencoder,0.48124999999999996,0.4791723744292238,0.30833333333333335
4,5,within_state,4,autoencoder,0.71875,0.713145091573204,0.625
4,5,within_state,6,autoencoder,0.5,0.4949081815460751,0.33333333333333337
4,6,within_state,10,autoencoder,0.42500000000000004,0.42062365515226113,0.23333333333333328
4,6,within_state,13,autoencoder,0.5625,0.5606556661428321,0.41666666666666663
4,6,within_state,2,autoencoder,0.48124999999999996,0.48080852408885755,0.30833333333333335
4,6,within_state,4,autoencoder,0.525,0.5125206077439406,0.3666666666666667
4,7,within_state,1,autoencoder,0.5,0.48243023662305984,0.33333333333333337
4,7,within_state,13,autoencoder,0.65625,0.6531631477792675,0.5416666666666667
4,7,within_state,4,autoencoder,0.6687500000000001,0.6597069597069597,0.5583333333333333
4,7,within_state,7,autoencoder,0.625,0.6297535729813882,0.5
4,8,within_state,4,autoencoder,0.53125,0.5233688306996578,0.375
4,8,within_state,5,autoencoder,0.8374999999999999,0.8352947161964873,0.7833333333333333
4,8,within_state,7,autoencoder,0.6,0.6014280340037855,0.4666666666666667
4,8,within_state,8,autoencoder,0.35,0.35281453401044277,0.1333333333333333
4,9,within_state,13,autoencoder,0.5625,0.5644008077739586,0.41666666666666663
4,9,within_state,7,autoencoder,0.58125,0.5918697205977907,0.44166666666666665
4,9,within_state,8,autoencoder,0.43125,0.42326904008885186,0.2416666666666667
4,9,within_state,9,autoencoder,0.6625000000000001,0.6533789567589449,0.55
8,2,within_state,1,autoencoder,0.6125,0.5975895318908822,0.4833333333333333
8,2,within_state,10,autoencoder,0.47500000000000003,0.4761475667756991,0.30000000000000004
8,2,within_state,11,autoencoder,0.5812499999999999,0.579536565519628,0.44166666666666665
8,2,within_state,13,autoencoder,0.65,0.6506089743589744,0.5333333333333333
8,2,within_state,3,autoencoder,0.46875,0.4663657594806102,0.29166666666666663
8,2,within_state,6,autoencoder,0.63125,0.6272249065866087,0.5083333333333333
8,2,within_state,7,autoencoder,0.6375,0.6384469858307067,0.5166666666666666
8,2,within_state,9,autoencoder,0.65,0.6489495393259974,0.5333333333333333
8,3,within_state,13,autoencoder,0.6,0.6007435778869219,0.4666666666666667
8,3,within_state,14,autoencoder,0.54375,0.5488231301550766,0.3916666666666667
8,3,within_state,2,autoencoder,0.48125,0.4826589229343715,0.30833333333333335
8,3,within_state,4,autoencoder,0.65625,0.653513070126145,0.5416666666666667
8,3,within_state,5,autoencoder,0.8062499999999999,0.8120486044643545,0.7416666666666667
8,3,within_state,6,autoencoder,0.48750000000000004,0.48766738402678145,0.31666666666666665
8,3,within_state,7,autoencoder,0.55,0.5588809455566335,0.4
8,3,within_state,8,autoencoder,0.33749999999999997,0.3333784896826773,0.1166666666666667
8,4,within_state,1,autoencoder,0.63125,0.6203185639684496,0.5083333333333333
8,4,within_state,10,autoencoder,0.475,0.47434303350970014,0.30000000000000004
8,4,within_state,12,autoencoder,0.76875,0.7661579775854943,0.6916666666666667
8,4,within_state,2,autoencoder,0.48124999999999996,0.47557824166755513,0.30833333333333335
8,4,within_state,3,autoencoder,0.48125,0.48296777396942503,0.30833333333333335
8,4,within_state,4,autoencoder,0.58125,0.579469229093609,0.44166666666666665
8,4,within_state,7,autoencoder,0.625,0.6287553933588033,0.5
8,4,within_state,8,autoencoder,0.4375,0.4272858454676637,0.25
8,5,within_state,1,autoencoder,0.49999999999999994,0.48263888888888884,0.33333333333333337
8,5,within_state,10,autoencoder,0.45625000000000004,0.45717622609993985,0.275
8,5,within_state,13,autoencoder,0.65,0.6495321129859283,0.5333333333333333
8,5,within_state,14,autoencoder,0.5625,0.5739638157055222,0.41666666666666663
8,5,within_state,3,autoencoder,0.48124999999999996,0.4791723744292238,0.30833333333333335
8,5,within_state,6,autoencoder,0.51875,0.5166238309031237,0.3583333333333333
8,5,within_state,7,autoencoder,0.68125,0.684133868329585,0.575
8,5,within_state,9,autoencoder,0.6812499999999999,0.6781717835323955,0.575
8,6,within_state,1,autoencoder,0.6625,0.6459218526120125,0.55
8,6,within_state,12,autoencoder,0.75,0.7504155898954606,0.6666666666666667
8,6,within_state,13,autoencoder,0.5625,0.5606556661428321,0.41666666666666663
8,6,within_state,14,autoencoder,0.49374999999999997,0.5041822509819498,0.32499999999999996
8,6,within_state,2,autoencoder,0.48124999999999996,0.48080852408885755,0.30833333333333335
8,6,within_state,3,autoencoder,0.46875,0.46715199369661614,0.29166666666666663
8,6,within_state,5,autoencoder,0.79375,0.7961485890652558,0.725
8,6,within_state,8,autoencoder,0.36250000000000004,0.3653120109546166,0.15000000000000002
8,7,within_state,1,autoencoder,0.5,0.48243023662305984,0.33333333333333337
8,7,within_state,11,autoencoder,0.6625,0.6683817413868347,0.55
8,7,within_state,13,autoencoder,0.65625,0.6531631477792675,0.5416666666666667
8,7,within_state,14,autoencoder,0.53125,0.5357522498440702,0.375
8,7,within_state,2,autoencoder,0.525,0.5221329172309565,0.3666666666666667
8,7,within_state,3,autoencoder,0.54375,0.5364076757917338,0.3916666666666667
8,7,within_state,4,autoencoder,0.6687500000000001,0.6597069597069597,0.5583333333333333
8,7,within_state,6,autoencoder,0.50625,0.49959236526928286,0.3416666666666667
8,8,within_state,12,autoencoder,0.8187499999999999,0.8191731643924627,0.7583333333333333
8,8,within_state,14,autoencoder,0.51875,0.5150973578392932,0.3583333333333333
8,8,within_state,2,autoencoder,0.5687500000000001,0.5624161785926491,0.42500000000000004
8,8,within_state,4,autoencoder,0.53125,0.5233688306996578,0.375
8,8,within_state,5,autoencoder,0.8374999999999999,0.8352947161964873,0.7833333333333333
8,8,within_state,6,autoencoder,0.53125,0.5287712891758022,0.375
8,8,within_state,7,autoencoder,0.6,0.6014280340037855,0.4666666666666667
8,8,within_state,9,autoencoder,0.6312500000000001,0.6192440409831714,0.5083333333333333
8,9,within_state,11,autoencoder,0.675,0.674123528290195,0.5666666666666667
8,9,within_state,12,autoencoder,0.76875,0.7713037924563291,0.6916666666666667
8,9,within_state,13,autoencoder,0.5625,0.5644008077739586,0.41666666666666663
8,9,within_state,3,autoencoder,0.4,0.39320088406385,0.19999999999999996
8,9,within_state,4,autoencoder,0.6062500000000001,0.5978384078821812,0.475
8,9,within_state,6,autoencoder,0.5,0.499049266850295,0.33333333333333337
8,9,within_state,7,autoencoder,0.58125,0.5918697205977907,0.44166666666666665
8,9,within_state,9,autoencoder,0.6625000000000001,0.6533789567589449,0.55
10,0,between_state,1,autoencoder,0.5125,0.48839930709125756,0.35
10,0,between_state,10,autoencoder,0.45624999999999993,0.4623474470734744,0.275
10,0,between_state,11,autoencoder,0.65625,0.6508002121576797,0.5416666666666667
10,0,between_state,12,autoencoder,0.5875,0.5863126675398692,0.44999999999999996
10,0,between_state,13,autoencoder,0.5125,0.5029837430610626,0.35
10,0,between_state,2,autoencoder,0.48750000000000004,0.4768905549069693,0.31666666666666665
10,0,between_state,4,autoencoder,0.475,0.4446012621916236,0.30000000000000004
10,0,between_state,5,autoencoder,0.7874999999999999,0.7818180531967951,0.7166666666666667
10,0,between_state,6,autoencoder,0.4625,0.44716002964688006,0.2833333333333333
10,0,between_state,7,autoencoder,0.5,0.4867243867243867,0.33333333333333337
10,1,between_state,1,autoencoder,0.45000000000000007,0.42206477732793524,0.2666666666666667
10,1,between_state,11,autoencoder,0.6375,0.6298588403466453,0.5166666666666666
10,1,between_state,12,autoencoder,0.6625000000000001,0.6579404792592256,0.55
10,1,between_state,14,autoencoder,0.5875,0.5759174964438123,0.44999999999999996
10,1,between_state,2,autoencoder,0.48125,0.47571770265945024,0.30833333333333335
10,1,between_state,4,autoencoder,0.5,0.48003366468327535,0.33333333333333337
10,1,between_state,5,autoencoder,0.7687499999999999,0.7697726587758233,0.6916666666666667
10,1,between_state,6,autoencoder,0.48125,0.4735536002498768,0.30833333333333335
10,1,between_state,7,autoencoder,0.5,0.48715639310080894,0.33333333333333337
10,1,between_state,8,autoencoder,0.3125,0.3031161174373683,0.08333333333333337
10,2,between_state,1,autoencoder,0.41875,0.358133971291866,0.22499999999999998
10,2,between_state,11,autoencoder,0.65625,0.6597564313081554,0.5416666666666667
10,2,between_state,12,autoencoder,0.63125,0.6191252682543436,0.5083333333333333
10,2,between_state,13,autoencoder,0.4875,0.4750846669282983,0.31666666666666665
10,2,between_state,14,autoencoder,0.5,0.49082687338501296,0.33333333333333337
10,2,between_state,2,autoencoder,0.48124999999999996,0.4893106656077235,0.30833333333333335
10,2,between_state,4,autoencoder,0.44999999999999996,0.4509021336155803,0.2666666666666667
10,2,between_state,6,autoencoder,0.5062500000000001,0.5014671361502347,0.3416666666666667
10,2,between_state,7,autoencoder,0.5875,0.5844776119402986,0.44999999999999996
10,2,between_state,9,autoencoder,0.575,0.5646390819052531,0.43333333333333335
10,3,between_state,12,autoencoder,0.63125,0.6098959231786556,0.5083333333333333
10,3,between_state,13,autoencoder,0.43125,0.41583963366089227,0.2416666666666667
10,3,between_state,14,autoencoder,0.43124999999999997,0.41792263684513065,0.2416666666666667
10,3,between_state,3,autoencoder,0.41875,0.4103524145518,0.22499999999999998
10,3,between_state,4,autoencoder,0.4625,0.4593128412417995,0.2833333333333333
10,3,between_state,5,autoencoder,0.64375,0.6343134703790442,0.525
10,3,between_state,6,autoencoder,0.54375,0.539614898989899,0.3916666666666667
10,3,between_state,7,autoencoder,0.5625,0.5584466855289152,0.41666666666666663
10,3,between_state,8,autoencoder,0.325,0.3223294575863452,0.09999999999999998
10,3,between_state,9,autoencoder,0.56875,0.5483754409923751,0.42500000000000004
10,4,between_state,1,autoencoder,0.34375,0.2998405103668262,0.125
10,4,between_state,10,autoencoder,0.42500000000000004,0.4253261831048209,0.23333333333333328
10,4,between_state,11,autoencoder,0.55,0.5604282677199344,0.4
10,4,between_state,13,autoencoder,0.4875,0.4677025705806519,0.31666666666666665
10,4,between_state,14,autoencoder,0.55625,0.5402096904840679,0.4083333333333333
10,4,between_state,3,autoencoder,0.41250000000000003,0.4030554151188095,0.21666666666666667
10,4,between_state,5,autoencoder,0.71875,0.7145181213865471,0.625
10,4,between_state,6,autoencoder,0.3875,0.37120622164076045,0.18333333333333335
10,4,between_state,8,autoencoder,0.35,0.34839811351439265,0.1333333333333333
10,4,between_state,9,autoencoder,0.5062500000000001,0.4959283742387556,0.3416666666666667
10,5,between_state,1,autoencoder,0.55625,0.5115108701101215,0.4083333333333333
10,5,between_state,10,autoencoder,0.43125,0.42050927102335867,0.2416666666666667
10,5,between_state,12,autoencoder,0.6,0.5686507936507936,0.4666666666666667
10,5,between_state,13,autoencoder,0.51875,0.5116555979232036,0.3583333333333333
10,5,between_state,2,autoencoder,0.51875,0.508873732856291,0.3583333333333333
10,5,between_state,4,autoencoder,0.45625000000000004,0.44715039792312833,0.275
10,5,between_state,5,autoencoder,0.675,0.6482894987611969,0.5666666666666667
10,5,between_state,7,autoencoder,0.55,0.5439408421128851,0.4
10,5,between_state,8,autoencoder,0.3625,0.3341571782956192,0.15000000000000002
10,5,between_state,9,autoencoder,0.55,0.5370602359327696,0.4
10,6,between_state,1,autoencoder,0.5625,0.5474631751227497,0.41666666666666663
10,6,between_state,11,autoencoder,0.63125,0.62262916655836,0.5083333333333333
10,6,between_state,12,autoencoder,0.625,0.6359769286229271,0.5
10,6,between_state,13,autoencoder,0.5,0.48275862068965525,0.33333333333333337
10,6,between_state,14,autoencoder,0.55625,0.5424358974358975,0.4083333333333333
10,6,between_state,2,autoencoder,0.40625000000000006,0.37563854931761,0.20833333333333337
10,6,between_state,4,autoencoder,0.4,0.399824970638662,0.19999999999999996
10,6,between_state,5,autoencoder,0.675,0.6789269784233651,0.5666666666666667
10,6,between_state,6,autoencoder,0.39375,0.36659986758411955,0.19166666666666665
10,6,between_state,8,autoencoder,0.41250000000000003,0.38562770562770565,0.21666666666666667
10,7,between_state,1,autoencoder,0.5249999999999999,0.5067581300813008,0.3666666666666667
10,7,between_state,11,autoencoder,0.56875,0.5589873259222159,0.42500000000000004
10,7,between_state,12,autoencoder,0.6250000000000001,0.6033766483204686,0.5
10,7,between_state,13,autoencoder,0.4625,0.43366093563029473,0.2833333333333333
10,7,between_state,14,autoencoder,0.4,0.3765913734896944,0.19999999999999996
10,7,between_state,3,autoencoder,0.3625,0.3586664382953349,0.15000000000000002
10,7,between_state,4,autoencoder,0.525,0.5068414008990764,0.3666666666666667
10,7,between_state,5,autoencoder,0.7375,0.7417089828373484,0.65
10,7,between_state,6,autoencoder,0.40625,0.39390448261416,0.20833333333333337
10,7,between_state,7,autoencoder,0.55,0.5445246283865747,0.4
10,8,between_state,11,autoencoder,0.56875,0.5663675768315612,0.42500000000000004
10,8,between_state,12,autoencoder,0.63125,0.6212009217041325,0.5083333333333333
10,8,between_state,13,autoencoder,0.51875,0.5048867496190892,0.3583333333333333
10,8,between_state,14,autoencoder,0.5499999999999999,0.5293475843340212,0.4
10,8,between_state,2,autoencoder,0.34375,0.3421619885282676,0.125
10,8,between_state,3,autoencoder,0.38749999999999996,0.3729454685099846,0.18333333333333335
10,8,between_state,5,autoencoder,0.74375,0.7428543172582444,0.6583333333333333
10,8,between_state,6,autoencoder,0.42500000000000004,0.4170637088619982,0.23333333333333328
10,8,between_state,7,autoencoder,0.525,0.5072451702886486,0.3666666666666667
10,8,between_state,9,autoencoder,0.5750000000000001,0.5521771668048263,0.43333333333333335
10,9,between_state,10,autoencoder,0.4375,0.4312583009630506,0.25
10,9,between_state,11,autoencoder,0.58125,0.563862782501414,0.44166666666666665
10,9,between_state,12,autoencoder,0.68125,0.6826586317796596,0.575
10,9,between_state,14,autoencoder,0.5375,0.5218221167052298,0.3833333333333333
10,9,between_state,2,autoencoder,0.4,0.3918144208037825,0.19999999999999996
10,9,between_state,5,autoencoder,0.725,0.7265153252312161,0.6333333333333333
10,9,between_state,6,autoencoder,0.44375,0.43756460394141555,0.2583333333333333
10,9,between_state,7,autoencoder,0.475,0.4688558510168584,0.30000000000000004
10,9,between_state,8,autoencoder,0.425,0.40704883152658516,0.23333333333333328
10,9,between_state,9,autoencoder,0.59375,0.5643175349552257,0.45833333333333337
4,0,between_state,1,autoencoder,0.38125,0.3671925566343042,0.17500000000000004
4,0,between_state,2,autoencoder,0.4625,0.4728784475399944,0.2833333333333333
4,0,between_state,4,autoencoder,0.5062500000000001,0.4933333333333334,0.3416666666666667
4,0,between_state,5,autoencoder,0.71875,0.6985356212660274,0.625
4,1,between_state,1,autoencoder,0.475,0.4713417122764424,0.30000000000000004
4,1,between_state,14,autoencoder,0.45,0.44371335589216765,0.2666666666666667
4,1,between_state,3,autoencoder,0.38125000000000003,0.3590206916099773,0.17500000000000004
4,1,between_state,8,autoencoder,0.3625,0.35105485044952356,0.15000000000000002
4,2,between_state,10,autoencoder,0.31875,0.3107582614218376,0.09166666666666667
4,2,between_state,12,autoencoder,0.475,0.46667629837954794,0.30000000000000004
4,2,between_state,3,autoencoder,0.4,0.39208062290557855,0.19999999999999996
4,2,between_state,6,autoencoder,0.4125,0.39623553529803535,0.21666666666666667
4,3,between_state,2,autoencoder,0.34375,0.33207297671439495,0.125
4,3,between_state,3,autoencoder,0.4,0.37937868583029877,0.19999999999999996
4,3,between_state,5,autoencoder,0.6312500000000001,0.6197284720339749,0.5083333333333333
4,3,between_state,6,autoencoder,0.39375000000000004,0.38366186205739883,0.19166666666666665
4,4,between_state,10,autoencoder,0.39999999999999997,0.39438392818873724,0.19999999999999996
4,4,between_state,11,autoencoder,0.56875,0.5752593642916224,0.42500000000000004
4,4,between_state,14,autoencoder,0.4375,0.4071549227799228,0.25
4,4,between_state,6,autoencoder,0.375,0.35768552028641537,0.16666666666666663
4,5,between_state,10,autoencoder,0.36250000000000004,0.3456041070574358,0.15000000000000002
4,5,between_state,3,autoencoder,0.33125000000000004,0.3109906571770979,0.10833333333333328
4,5,between_state,4,autoencoder,0.36250000000000004,0.34470038136968517,0.15000000000000002
4,5,between_state,6,autoencoder,0.3875,0.353062106918239,0.18333333333333335
4,6,between_state,10,autoencoder,0.375,0.374255610290093,0.16666666666666663
4,6,between_state,13,autoencoder,0.3125,0.28382855091865045,0.08333333333333337
4,6,between_state,2,autoencoder,0.41874999999999996,0.4143234082183297,0.22499999999999998
4,6,between_state,4,autoencoder,0.45625000000000004,0.45384613677717134,0.275
4,7,between_state,1,autoencoder,0.3875,0.339365401332947,0.18333333333333335
4,7,between_state,13,autoencoder,0.4125,0.39391216690042075,0.21666666666666667
4,7,between_state,4,autoencoder,0.36875,0.35068318847388613,0.15833333333333333
4,7,between_state,7,autoencoder,0.325,0.3315259037148092,0.09999999999999998
4,8,between_state,4,autoencoder,0.45625000000000004,0.4283156167123169,0.275
4,8,between_state,5,autoencoder,0.71875,0.7164286173340499,0.625
4,8,between_state,7,autoencoder,0.50625,0.5061753048885402,0.3416666666666667
4,8,between_state,8,autoencoder,0.36875,0.3591601265324229,0.15833333333333333
4,9,between_state,13,autoencoder,0.45000000000000007,0.4367854267310789,0.2666666666666667
4,9,between_state,7,autoencoder,0.46875,0.47181551352678086,0.29166666666666663
4,9,between_state,8,autoencoder,0.3375,0.33159870024938704,0.1166666666666667
4,9,between_state,9,autoencoder,0.49375,0.48061770339153775,0.32499999999999996
8,2,between_state,1,autoencoder,0.3625,0.33076368076368073,0.15000000000000002
8,2,between_state,10,autoencoder,0.43125,0.4292589763177998,0.2416666666666667
8,2,between_state,11,autoencoder,0.59375,0.5858230216439171,0.45833333333333337
8,2,between_state,13,autoencoder,0.46875000000000006,0.46355123979003177,0.29166666666666663
8,2,between_state,3,autoencoder,0.41250000000000003,0.40167633583225737,0.21666666666666667
8,2,between_state,6,autoencoder,0.39375000000000004,0.3933750646375496,0.19166666666666665
8,2,between_state,7,autoencoder,0.59375,0.5847889672516537,0.45833333333333337
8,2,between_state,9,autoencoder,0.525,0.5091269690714377,0.3666666666666667
8,3,between_state,13,autoencoder,0.49374999999999997,0.48280894115154405,0.32499999999999996
8,3,between_state,14,autoencoder,0.5,0.47605627875659295,0.33333333333333337
8,3,between_state,2,autoencoder,0.43125,0.4225852272727273,0.2416666666666667
8,3,between_state,4,autoencoder,0.50625,0.4910290829540507,0.3416666666666667
8,3,between_state,5,autoencoder,0.66875,0.6607388689089124,0.5583333333333333
8,3,between_state,6,autoencoder,0.43749999999999994,0.4352042036167623,0.25
8,3,between_state,7,autoencoder,0.5,0.4835736516932224,0.33333333333333337
8,3,between_state,8,autoencoder,0.3375,0.31899775410118825,0.1166666666666667
8,4,between_state,1,autoencoder,0.61875,0.5946448604982016,0.4916666666666667
8,4,between_state,10,autoencoder,0.42499999999999993,0.4208174394931611,0.23333333333333328
8,4,between_state,12,autoencoder,0.5,0.49494726850479664,0.33333333333333337
8,4,between_state,2,autoencoder,0.5,0.4982760048877513,0.33333333333333337
8,4,between_state,3,autoencoder,0.475,0.47651484082574297,0.30000000000000004
8,4,between_state,4,autoencoder,0.45,0.44148170279277965,0.2666666666666667
8,4,between_state,7,autoencoder,0.42499999999999993,0.4026442813606075,0.23333333333333328
8,4,between_state,8,autoencoder,0.26249999999999996,0.25877904482555647,0.01666666666666672
8,5,between_state,1,autoencoder,0.58125,0.5663163764191161,0.44166666666666665
8,5,between_state,10,autoencoder,0.43749999999999994,0.40244693396226416,0.25
8,5,between_state,13,autoencoder,0.4625,0.45956418446699293,0.2833333333333333
8,5,between_state,14,autoencoder,0.43125,0.4294474413614282,0.2416666666666667
8,5,between_state,3,autoencoder,0.4375,0.4211439166910468,0.25
8,5,between_state,6,autoencoder,0.425,0.4202975579296491,0.23333333333333328
8,5,between_state,7,autoencoder,0.54375,0.5361913489736071,0.3916666666666667
8,5,between_state,9,autoencoder,0.5125,0.5082579353226564,0.35
8,6,between_state,1,autoencoder,0.5875,0.5746115953012505,0.44999999999999996
8,6,between_state,12,autoencoder,0.4375,0.43123237520407653,0.25
8,6,between_state,13,autoencoder,0.5750000000000001,0.5712835249042145,0.43333333333333335
8,6,between_state,14,autoencoder,0.44375000000000003,0.4234991221529774,0.2583333333333333
8,6,between_state,2,autoencoder,0.45625000000000004,0.43672640697055193,0.275
8,6,between_state,3,autoencoder,0.4375,0.41964285714285715,0.25
8,6,between_state,5,autoencoder,0.70625,0.7021555528807575,0.6083333333333334
8,6,between_state,8,autoencoder,0.3125,0.30425057280755935,0.08333333333333337
8,7,between_state,1,autoencoder,0.4625,0.45624590611802884,0.2833333333333333
8,7,between_state,11,autoencoder,0.45624999999999993,0.4364506172839506,0.275
8,7,between_state,13,autoencoder,0.46249999999999997,0.44746823263721525,0.2833333333333333
8,7,between_state,14,autoencoder,0.4125,0.3902726694561911,0.21666666666666667
8,7,between_state,2,autoencoder,0.45625000000000004,0.4437201034259858,0.275
8,7,between_state,3,autoencoder,0.34375,0.32990149919153644,0.125
8,7,between_state,4,autoencoder,0.53125,0.5289692665838454,0.375
8,7,between_state,6,autoencoder,0.38125,0.36502962475312706,0.17500000000000004
8,8,between_state,12,autoencoder,0.5625,0.5596730216073691,0.41666666666666663
8,8,between_state,14,autoencoder,0.44375,0.44299232051087833,0.2583333333333333
8,8,between_state,2,autoencoder,0.40625,0.41226481948727534,0.20833333333333337
8,8,between_state,4,autoencoder,0.54375,0.5433016877637131,0.3916666666666667
8,8,between_state,5,autoencoder,0.73125,0.7184399908665493,0.6416666666666666
8,8,between_state,6,autoencoder,0.49375,0.47683745802760846,0.32499999999999996
8,8,between_state,7,autoencoder,0.55,0.5517157532459159,0.4
8,8,between_state,9,autoencoder,0.58125,0.5629105090311987,0.44166666666666665
8,9,between_state,11,autoencoder,0.61875,0.6162251849945334,0.4916666666666667
8,9,between_state,12,autoencoder,0.63125,0.6330974568593489,0.5083333333333333
8,9,between_state,13,autoencoder,0.39375,0.3666766159315198,0.19166666666666665
8,9,between_state,3,autoencoder,0.4125,0.3943701333047379,0.21666666666666667
8,9,between_state,4,autoencoder,0.46875,0.4577577653309151,0.29166666666666663
8,9,between_state,6,autoencoder,0.4875,0.48530854833834336,0.31666666666666665
8,9,between_state,7,autoencoder,0.48125,0.479068630641932,0.30833333333333335
8,9,between_state,9,autoencoder,0.58125,0.5771372376504151,0.44166666666666665
